,Unnamed: 0,sentence,label
0,215,"In the second quarter of 2010 , the group 's net profit rose to EUR 3.1 million from EUR 2.5 million in April-June 2009 .",positive
1,4342,"PGE Belchatow runs the 4.44 GW Belchatow coal-fired power plant , and Fortum has intentions to start a CCS demonstration project jointly with Teollisuuden Voima Oyj ( TVO ) - another Finnish utility - at the their jointly owned 565MW Meri-Pori coal-fired facility .",neutral
2,2304,Central Europe is an important market area for Honka .,neutral
3,501,A PLUMBING business has announced it is sponsoring a professional darts player .,neutral
4,4316,Panostaja Oyj 's Board also decided at its organisational meeting held upon completion of the AGM to implement the AGM decision concerning Board member fees paid as shares in such a way that shares are transferred on a quarterly basis on the date following publication of the quarterly-annual report .,neutral
5,3957,"Profit for the period was EUR 10.9 mn , down from EUR 14.3 mn in 2009 .",negative
6,3046,Capitex Kalmar will continue to be responsible for the maintenance and technical development of the services .,neutral
7,2937,The Department Store Division reported an increase in sales of 4 per cent .,positive
8,3423,Finnish sports equipment maker Amer Sports Oyj ( HEL : AMEAS ) said today that its net loss narrowed to EUR 16.9 million ( USD 22.3 m ) in the second quarter of 2010 from EUR 23.2 million in the corresponding period a year earlier .,positive
9,2505,Finland 's Poyry Energy has won a contract to advise builders of a new cogeneration power plant in Lithuania 's second-biggest city of Kaunas and to supervise the construction process .,positive
10,3814,"As production of other products will continue normally , temporary lay-offs concern simultaneously at most 80 employees .",negative
11,539,"H1 '08 H1 '07 Q2 '08 Q2 '07 in mln euro , unless otherwise stated Net sales 386 328.6 201 160.7 Operating profit 46.3 35.8 23.2 9.5 Pre-tax profit 33.6 26.9 18.7 5.1 Net profit 25.1 25.4 14 4.0 EPS in euro 2.20 2.36 1.24 0.38 1.0 euro = $ 1.60 www.componenta.com",neutral
12,3162,"According to Nordic financial group Nordea 's analyst Sami Sarkamies , this makes Nokia 's portfolio competitive again .",positive
13,3240,`` Russia is ready to participate in an open tender for Lattelecom 's privatization .,neutral
14,1927,"FinancialWire tm is not a press release service , and receives no compensation for its news , opinions or distributions .",neutral
15,338,Finnish automation solutions developer Cencorp Corporation ( OMX Helsinki : CNC1V ) issued on Thursday ( 18 September ) a profit warning for the third quarter of 2008 .,negative
16,1995,No decision on such sale of the now issued or existing treasury shares to YA Global has been made yet .,neutral
17,3521,"The company will pay a dividend of EUR 0.50 per share , a total of EUR 14mn .",neutral
18,1010,The airline 's share price closed down slightly at (  x20ac ) 12.51 ( $ 15US .74 ) in Helsinki .,negative
19,131,"Biohit said that it will reduce the number of leased personnel by 10 , and lay off 10 of its own personnel .",negative
20,1713,The machines will cease production by the end of February 2007 .,neutral
21,1189,"Some of the most recent technology deliveries include refinery technology to Anrak Aluminium , an iron ore pelletizing plant to Tata Steel and iron ore sintering plants to Bhushan Steel .",neutral
22,1275,"Amer , which bought Salomon from adidas in October , said the job cuts are aimed at boosting competitiveness .",neutral
23,1449,Yakima created the position for him after emerging from economic downturns of its own .,neutral
24,1004,"Finnish investment group Neomarkka Oyj ( HEL : NEMBV ) said today that it will buy the former production facilities of Kuitu Finland Ltd , as part of negotiations on the option to invest in specialty cellulose fiber business .",neutral
25,3985,"We offer our clients integrated management consulting , total solutions for complex projects and efficient , best-in-class design and supervision .",neutral
26,1626,The terms of the aforementioned funding are considerably below the Bank 's current CDS levels in the market and have a maturity ranging from 1 to 7.5 years .,negative
27,4326,Construction is expected to be completed in the summer of 2011 .,neutral
28,1725,"HELSINKI AFX - Salcomp , the mobile phone charger manufacturer , said it has appointed Markku Hangasjarvi as its new CEO , following the resignation of Mats Eriksson .",neutral
29,58,The rebuilds are designed to improve the machines ' performance and product quality .,positive
30,1755,"Pretax loss totaled EUR 1.2 mn , down from a profit of EUR 2.1 mn in 2004 .",negative
31,84,"Earnings per share ( EPS ) were EUR0 .03 , up from the loss of EUR0 .083 .",positive
32,116,Finnish electrical components maker Salcomp Oyj ( HEL : SAL1V ) announced today the launch of its latest Twist charger platform .,neutral
33,4030,Profit of the accounting period was EUR 0.3 mn .,neutral
34,1838,Affecto expects its net sales for the whole 2010 to increase from the 2009 level when they reached EUR 103 million .,positive
35,1092,"In the reporting period , the company 's operating profit grew by 43.2 % to EUR 6 million .",positive
36,3746,"Both operating profit and net sales for the three-month period increased , respectively from EUR15 .1 m and EUR131 .5 m , as compared to the corresponding period in 2005 .",positive
37,4167,"Therefore , the company 's 2005 result will remain weaker than that of 2004 .",negative
38,3117,"The reasons behind the estimate include the rise in 2008 rent levels and several fully-leased office and retail properties , which were completed and added to the company 's investment property portfolio .",neutral
39,2899,"Rinkuskiai 's beer sales fell by 6.5 per cent to 4.16 million litres , while Kauno Alus ' beer sales jumped by 6.9 per cent to 2.48 million litres .",neutral
40,2181,"The order comprises all production lines for a plywood mill , company said in a statement received by Lesprom Network .",neutral
41,3410,"Sponda is a property investment company , specialising in commercial properties in the largest cities in Finland and Russia .",neutral
42,3463,"`` We will now , after the relevant authority approvals , make a mandatory bid as required by the Finnish Securities Markets Act .",neutral
43,255,Oriola-KD is a spin-off of Finnish pharmaceutical group Orion Oyj 's wholesale division .,neutral
44,2758,"` Ruukki has experience of logistics construction , competence in project management and also has the best references in terms of steel frame production and installation , ' says Onodi Stefan , General Manager of Arxikon Construction Company SRL , which is Ruukki 's customer .",positive
45,841,"Product coverage : baked goods ; biscuits ; breakfast cereals Data coverage : market sizes historic and forecasts , company shares , brand shares and distribution data .",neutral
46,1921,"GS Engineering will install the valves at a liquefied natural gas LNG plant it has built for UAE LNG extraction and gas plants operator GASCO in Ruwais , UAE .",neutral
47,144,I thank Jarmo Ukonaho warmly for his contribution and wish him all the best in the future challenges . '',neutral
48,725,"OVA Press has a 60 % stake in the joint venture , while IMSM holds a 40 % stake .",neutral
49,1953,"Finnish energy company Fortum Oyj said on November 13 , 2007 it was granted an environmental permit to build a biofuel-fired combined heat and power CHP plant in Vartan harbor in eastern Stockholm .",positive
50,2046,EUR 152.4 mn of this was net interest income .,neutral
51,2091,Related links : Flexiblebaseloadoperation TheWartsila32generating set Gasconversions This is the shorter of two versions of this press release .,neutral
52,3288,"BG AD , Bulgaria 's leading Internet company .",positive
53,3384,Financial terms were not disclosed .,neutral
54,3332,"It is a member of the OneWorld alliance , which includes American Airlines and British Airways .",neutral
55,3187,"Headline of release dated March 26 , 2008 should read : Acacia Subsidiary Enters into Settlement Agreement for Rule Based Monitoring Technology with F-Secure ( sted Acacia Technologies Licenses Rule Based Monitoring Technology to F-Secure ) .",neutral
56,855,"The Marubeni Group focuses on creating `` value chain '' from upstream to downstream , encompassing a wide variety of business fields , including oil & gas , metals , mineral resources , foods , pulp & paper and chemicals , among others .",neutral
57,2501,"The contract also includes cutting and edging wagon parts at Ruukki 's steel service centres in Seinajoki and Raahe , both in southwestern Finland , from where they will be delivered to VR for welding and assembly .",neutral
58,1440,Return on capital employed rose by 4.8 percentage points to 19.6 % .,positive
59,358,The total number of filling stations has been on the decrease recently .,negative
60,2314,"Currently , YIT builds a housing estate Zapadnye Vorota 26,000 square metres in the city and a house 9,910 square metres , which will be completed at the end of 2009 .",neutral
61,2882,A quick `` one-stop-shop '' to understand the company .,neutral
62,2546,"HK Ruokatalo now accounts for about 50 % of poultry sales in Finland , and profitability is at a good level .",positive
63,2098,These companies will be able to keep their market positions .,positive
64,1445,The extracted filtrates are very high in clarity while the dried filter cakes meet required transport moisture limits (TMLs)for their ore grades .,neutral
65,20,The use of validation rule base enables verifying that processing rule bases managed by different administrators fulfil some set requirements .,neutral
66,677,"Overall , 50 percent of respondents were confident about their security when banking online .",positive
67,902,"The 250 sq m 2,691 sq ft store in Copenhagen 's premier shopping district was inaugurated today , further strengthening the company 's presence in Nordic capitals .",positive
68,2467,"EPS from continuing operations came in at 0.30 eur , up from 0.17 .",positive
69,443,"He does not believe , however , that HKScan or Atria will start to use imported meat as Finnish consumers prefer domestic products .",neutral
70,528,"The restructuring creates a more efficient organization with increased operational focus and stable profitability , and leads to more efficient production , said Bo Annvik , head of Specialty Stainless .",positive
71,1650,Finnair said that the cancellation of flights would cause daily losses of  x20ac 2.5 million US$ 3 million .,negative
72,2368,The order was valued at over EUR15m .,neutral
73,78,The lay-offs will affect 240 people out of the total 320 Okmetic employees in Finland .,negative
74,3637,The incident happened at 2:30 p.m. on Avenue 192 at Road 196 .,neutral
75,3386,"The port facilities ' throughput is 250,000 TEUs and 7.5 mln tons of general cargo .",neutral
76,139,"A local waste management company , Turun Seudun J+Ã±tehuolto , has planned to set up a 150,000 tonne waste-burning facility .",neutral
77,2689,`` This is a win for all OEMs targeting to develop WiMAX products .,positive
78,3215,"The acquired business main asset is a mobile authentication and signing solution , branded as Tectia MobileID , which provides authentication to web e-mail , SSL-VPN , MS SharePoint , Tectia Secure Solutions and other applications and resources .",neutral
79,450,"Section : Regional News - The demand in Finnair 's Asian traffic , measured in passenger kilometers , was up 34.9 % in August compare to last year .",positive
80,1516,Sales for the Department Store Division increased by 15 % and sales for the clothing store subsidiary Seppala increased by 8 % Meanwhile sales for Hobby Hall decreased by 12 % .,positive
81,1293,"Glaston , headquartered in Tampere , Finland , is a growing , international glass technology company .",positive
82,2104,This transaction will also rationalize our pulp and paper industry related solutions .,positive
83,1432,Finnish electronics manufacturer PKC Group Oyj ( OMX Helsinki : PKC1V ) said on Wednesday ( 31 December ) that it has completed the acquisition of MAN Nutzfahrzeuge AG 's cable harness business from MAN Star Trucks & Buses Spolka zoo in Poland .,positive
84,3884,"Last year , the firm also acquired Realprojekti Oy , a real estate development company , to advise CapMan on its property activities .",neutral
85,3888,"According to Kesko , the company agreed with the city administration about lease of the building in 2006 , its resettlement and construction of a five-star hotel Hilton for 120 rooms .",positive
86,571,The SeaWind that was en route from the Finnish port of Turku to Stockholm got stuck in ice already around 4 p.m. on Wednesday and the Regal Star 's journey from the Swedish port of Kapellskar to Paldiski in northwestern Estonia was cut short at 2 a.m. on Thursday .,negative
87,2551,"HELSINKI ( AFX ) - Retail and wholesale group Kesko reported net sales of 659.4 mln eur for February , an increase of 10.8 pct year-on-year .",positive
88,2777,"Finnish property investment company Citycon will expand and refurbish +Ã kersberga shopping center in Stockholm , in Sweden .",neutral
89,2903,"The third quarter result also includes a 400,000 euro ( $ 575,000 ) provision for down-sizing of lure manufacturing in Ireland .",neutral
90,2327,"S&P has kept its `` sell '' rating , while Nordea and UBS have reaffirmed their `` buy '' recommendations .",neutral
91,2814,"Presentation materials will be posted on the company 's website : www.seahawkdrilling.com in the `` Investor Relations '' section , on the `` Webcast & Presentations '' tab .",neutral
92,3395,The majority of the company 's personnel in Finland is temporarily laid off from one to six weeks in the period from February to June 2009 period .,negative
93,2043,"The contract covers installation , training and start-up services .",neutral
94,1090,"The company designs , manufactures and markets advanced composite products for industrial applications and consumer goods such as cross-country , alpine and Nordic Walking poles , floorball sticks and antenna radomes .",neutral
95,2217,The company slipped to an operating loss of EUR 2.6 million from a profit of EUR 1.3 million .,negative
96,2460,"The decision will have to be made whether the group agrees to the import of Estonian meat and meat products to Finland , the paper added .",neutral
97,3904,"Combining the two producers will create a strong EU-based fertilizer industry capable of meeting global competition , they added .",positive
98,1621,"Based on negotiations with personnel , some 20 % have indicated their willingness to move to the new location .",neutral
99,1537,"Compared with the FTSE 100 index , which rose 36.7 points ( or 0.6 % ) on the day , this was a relative price change of -0.2 % .",negative
100,716,"Svyturys-Utenos Alus , which is controlled by the Nordic group Baltic Beverages Holding ( BBH ) , posted a 6.1 percent growth in beer sales for January-September to 101.99 million liters .",positive
101,1728,"France T+Â®l+Â®com spent more time studying TeliaSonera than other potential takeover targets because it has a shareholder that wants to sell , Pellissier said .",neutral
102,1113,The presentation material can be viewed on the company 's website in English after the conference .,neutral
103,2722,"Tecnotree 's convergent charging solution includes functionality for prepaid and post-paid billing , charging and rating of voice calls , video calls and raw data traffic for both mobile and fixed networks .",neutral
104,1454,"Elisa Corporation , headquartered in Helsinki , is a Finnish telecomms company offering private and corporate customers a comprehensive range of telecomms services .",neutral
105,2805,Outotec 's net profit for the second quarter of 2007 jumped to 16.8 mln euro ( $ 23.1 mln ) from 4.6 mln euro ( $ 6.3 mln ) a year ago .,positive
106,3111,The business area 's net sales were slightly over 2m in 2006 .,neutral
107,1507,The dividend will come on top of the 0.45 eur on A shares and 0.43 on K shares it has already paid on last year 's accounts .,neutral
108,3286,"The new company , DiaPol S.r.l. , would manufacture tools meant for glass and stone pre-processing .",neutral
109,2230,Sanoma Magazines International will invite other shareholders holding approximately 15 % of the shares to sell their shares .,neutral
110,3322,The divested stake represented about 2.7 m shares in Okmetic 's capital .,neutral
111,6,Finnish Bank of +Ã land +Ã landsbanken has issued a profit warning .,negative
112,1788,The earnings in the comparative period included a capital gain of EUR 8mn from the sale of OMX shares .,neutral
113,2574,"Helsingin Uutiset , Vantaan Sanomat and Lansivayla reach some 385,000 readers , or more than 40 % of the consumers in the greater Helsinki region .",positive
114,2053,This is bad news for the barbeque season .,negative
115,560,Cargo volume grew by 7 % .,positive
116,2305,"Finnish investor Scanfil Oyj ( HEL : SCF1V ) said last Friday it has bought 57 million shares , or 32.96 % , in Norwegian contract electronics manufacturer Kitron ASA ( OSL : KIT ) for NOK 143.9 million ( USD 24.4 m-EUR 18.1 m ) .",neutral
117,2971,Finnish Bank of +Ã land will launch its long-term pension savings account at the beginning of June 2010 .,neutral
118,3625,Sponda plans to renovate old real estate and develop new property .,neutral
119,4109,"Thanks to its extensive industry and operations experience , Cybercom offers strategic and technological expertise to these markets : telecom , industry , media , public sector , retail , and banking and financial services .",neutral
120,2446,"Aspo Plc STOCK EXCHANGE RELEASE February 11 , 2011 at8 .45 a.m. ESL Shipping Ltd , part of Aspo Group , has signed a new , long-term contract with Rautaruukki Corporation for the marine transport of raw materials on the Baltic Sea .",positive
121,1745,Finnish house manufacturers are targeting the strongly growing one-family house market in Russia .,neutral
122,690,"Under the agreement , Pfizer has been funding Biotie 's research activities on the PDE10 phosphodiesterase 10 inhibitor program since its start in late 2006 and has the sole authority to develop discovered compounds .",neutral
123,3961,"Glaston 's own glass processing unit , Tamglass Glass Processing , is a manufacturer of high quality safety glass products operating in Finland .",neutral
124,3135,"The building owner and developer , Sun Hung Kai Properties Group , is one of the largest property companies in Hong Kong , developing all types of premium residential and commercial projects for sale and investment .",neutral
125,2353,Mr Jortikka is president of the base metal division of Outotec Oyj in Finland and is on the executive committee of Outotec .,neutral
126,1258,"India is high on our priority since business links between our two countries is also expanding , '' Tornstrom said .",neutral
127,2212,SSH Establishes New Global Sales and Marketing Group to be led by George Adams ; Adams Establishes Global Sales and Marketing Group to Drive Worldwide Programs Supporting SSH Tectia Enterprise Security Solutions,neutral
128,1754,"Both operating profit and turnover for the six-month period increased , respectively from EUR0 .1 m and EUR29 .0 m , as compared to the corresponding period a year ago .",positive
129,148,Aviation Systems Maintenance is based in Kansas and generated net sales of USD 2.6 million for 2008 .,neutral
130,1033,The agreement includes application maintenance and support services .,neutral
131,3397,"Finnish Suominen Corporation that specialises in wet wipes , nonwovens , and flexible packaging reports net sales of EUR 44.1 mn in the second quarter of 2010 , up from EUR 43.3 mn in the second quarter of 2009 .",positive
132,530,These six agreements are the company 's first customer acquisitions in India since taking over TVS Electronics ' contract manufacturing facility in Jun 2007 .,neutral
133,4200,"There are companies , which are ready to invest their own funds in this deal such as Rostelecom RTS : RTKM .",positive
134,908,"The total delivery volume of paper businesses in 2010 was 1,155,000 tonnes , up from 1,132,000 tonnes in 2009 .",positive
135,2596,"Metrics in QPR ScoreCard now support date , text and milestone-based values , which improve its support for managing projects around performance or process-related content .",positive
136,4084,"Finnish bank Pohjola Bank Plc HEL : POH1S said today that it will issue a EUR 40 million USD 51.2 m index-linked bond , Pohjola Tutkimuksen Tahdet VIII-2010 Pohjola Research Stars VIII-2010 , on October 27 , 2010 .",neutral
137,4094,Her present position is the director of Stockmann 's international department stores .,neutral
138,2669,The issuer is solely responsible for the content of this announcement .,neutral
139,2855,"CompaniesandMarkets.com provides a wide range of research reports , industry statistics and competitive intelligence on the industrial sector .",neutral
140,1960,"In the third quarter of 2007 , net sales totaled EUR 25.95 mn , and operating profit EUR 3.88 mn .",neutral
141,1781,"STOCKMANN plc COMPANY ANNOUNCEMENT February 20 , 2007 , at 13.40 An annual summary of Stockmann 's stock exchange and financial press releases in 2006 is available on the company 's website at the address www.stockmann.com .",neutral
142,832,"Russian officials inspected the damage and gave the vessel permission to continue to Tallinn at around 4.30 a.m. The Norwegian-registered M-T Sten Nordic was carrying 11,000 tons of gas oil and was manned by a Filipino crew .",neutral
143,1901,"UPM-Kymmene Corp. , the world 's largest maker of magazine paper , on Tuesday reported a 19-percent profit drop as lower paper prices , higher costs and a strong euro hurt revenue .",negative
144,2149,"In 2007 , Contempus generated revenue of NOK 69.3 ( approx .",neutral
145,4120,"The most interesting export markets will be Russia , the Baltic countries and Scandinavia .",neutral
146,3710,The effect of the savings will be noticeable from the beginning of 2010 .,neutral
147,2686,"After completion of the acquisition , Poyry 's oil and gas expertise will cover multi-discipline engineering and consulting services across the complete oil and gas asset lifecycle , including deepwater engineering services .",neutral
148,3122,"In the reporting period , net sales rose by 8 % year-on-year to EUR64 .3 m , due to the business acquisitions realized during the first half of 2008-09 , the effect of which was EUR10 .9 m in the review period .",positive
149,1034,"They can be used to control the speed of electric motors used by industry and municipal engineering , and in power generation using renewable energy .",neutral
150,3845,"German Commerzbank AG 's Hamburg Branch and US JP Morgan ( NYSE : JPM ) participated as arrangers , and Dutch ING ( AMS : INGA ) as co-arranger .",neutral
151,2330,"The terms of the financing were approved by the Annual General Meeting of the Company held on June 30 , 2010 .",positive
152,2675,Its market share is 6 percent according to AC Nielsen 's 2008 data .,neutral
153,3633,"Qualcomm estimated a first-quarter profit between 46 and 50 cents a share , excluding certain items , below the analyst estimate of 61 cents a share .",negative
154,1119,Nordea Pankki Suomi Oyj 's ownership in Stonesoft Corporation has decreased below 1-20 .,neutral
155,4135,"The deal includes all rental equipment and related merchandise , the rental contract of the depot and two employees , the company said .",neutral
156,3205,"The selling consortium includes funds managed by OKO Bank 's venture capital unit , Bio Fund Management and Finnish Industry Investment , a government-owned investment group .",neutral
157,2723,"mr Bakman sees also expansion options on the Tallinn-Helisnki link , claiming however , that operating the link with only a single ship is not enough .",neutral
158,1479,This would be a huge process .,neutral
159,1219,"`` The new agreement is a continuation to theagreement signed earlier this year with the Lemminkainen Group , whereby Cramo acquired the entire construction machine fleet ofLemminkainen Talo Oy Ita - ja Pohjois Suomo , and signed asimilar agreement , '' said Tatu Hauhio , managing director ofCramo Finland .",neutral
160,2338,The ongoing project where Tekla Structures is being used is the Vashi Exhibition Centre being developed by Insteel Engineers Pvt Ltd-IIVRCL Infrastructures & Projects Ltd & CIDCO .,neutral
161,1044,"ALEXANDRIA , Va. , May 23 -- Matti Harkonen and Pentti Sipponen , both of Espoo , Finland , Osmo Suovaniemi of Helsinki , Finland , and Tapani Tiusanen of Vantaa , Finland , have developed a paper web press device .",neutral
162,228,-- Christine Idzelis EQT Partners sheds Salcomp Swedish financial investor EQT Partners is selling a majority of its stake in mobile phone charger manufacturer Salcomp Oyj to Nordic investment company Nordstjernan AB .,neutral
163,4112,"The objective is that trading in the shares will commence on May 2 , 2007 .",neutral
164,100,"Adanac Molybdenum of Canada has ordered grinding technology for its molybdenum project in British Columbia , Canada , while Shalkiya Zinc of Kazakhstan has awarded a contract for grinding technology for the Shalkiya zinc-lead project in Kazakhstan .",positive
165,2438,"As part of the reorganization , Kauko-Telko Ltd will be divided into Telko Ltd , Leipurin Ltd , Hamina Terminal Services Ltd and Kaukomarkkinat Ltd. .",neutral
166,3533,The trade is in accordance with the agreement announced on 26 March 2008 .,neutral
167,3048,"29 September , 2010 Finnish waste management and recycling company Lassila & Tikanoja expands its operations in Russia by introducing its recently completed recycling plant in the city of Dubna near Moscow .",positive
168,352,"Kesko Agro Eesti , the retailer and wholesaler of grain , agricultural and warehousing machinery and accessories , had net sales of 81 million euros in 2007 , an increase by one-tenth over the preceding year .",positive
169,2601,"At 3:37 p.m. Eastern time , a block of 2,400 contracts changed hands at a bid price of $ 0.45 .",neutral
170,3102,"The previously concluded adaptation measures , concerning other staff , were adequate for the time being , and the planning operations continue as before at the plant , the company said .",positive
171,1406,"Finnish industrial investor Panostaja Oyj OMX Helsinki : PNAAS OMX Helsinki : PNABS said on Friday 11 July that it has signed a deal to acquire the entire share capital of Kospa Oy , the manufacturer of waste disposal equipment .",positive
172,1055,"`` We have analyzed Kaupthing Bank Sweden and found a business which fits well into Alandsbanken , '' said Alandsbanken 's chief executive Peter Wiklof in a statement .",positive
173,956,"In Sweden , there is an oversupply of pharmacies .",negative
174,1104,"The Group 's revenue amounts to over EUR 80 million , about half of which is accounted for by exports .",neutral
175,4287,"The order also covers design services , hardware , software licences , as well as maintenance services over six years .",neutral
176,2822,"When the web user clicks on the link contained in the mail , he finds himself on a bogus site that imitates that of his bank , and which retrieves his personal banking data .",negative
177,4087,"This one was at one time targeted for June 5 , but if we had to guess , it 's been pushed back -- maybe we 're crazy , but we feel like it has n't leaked enough to meet that date at this point .",neutral
178,2958,"Unbelievably , the company that makes them - Fiskars Corporation - was formed in 1649 when a Dutch merchant named Peter Thorwoste was given a charter to establish a blast furnace and forging operation in the small Finnish village of Fiskars .",neutral
179,2849,"Altona stated that the private company of Altona chairman Kevin Maloney , Tulla Resources , would take up its entitlement in full .",neutral
180,3439,"It is Estonia 's second-largest meat processing company by market share ( according to AC Nielsen 's 2008 data , 13 percent ) .",neutral
181,2565,"`` Installation of the automatic varnishing line is an important part of the company 's strategy in the region of central and eastern Europe , '' said Jozef Misurec , the director of Ruukki Slovakia .",positive
182,3831,"However , the offering will probably not be made at the current valuation , which partly derives from the deal in which the company was merged into a stock market shell .",neutral
183,3307,The closing of such transaction took place today .,neutral
184,2440,The first of the two project phases is expected to be completed by the end of 2012 .,neutral
185,1061,"Markets had been expecting a poor performance , and the company 's stock was up 6 percent at  x20ac 23.89 US$ 33.84 in early afternoon trading in Helsinki .",positive
186,2264,"In 2008 , AVC Systemhaus had net sales of EUR 10 million USD 7.1 m .",neutral
187,1649,"Incap , headquartered in Oulu , Finland , is a electronics contract manufacturer with some 750 employees in Finland , Estonia and India .",neutral
188,3320,"Operating profit totaled EUR 3.8 mn , down from EUR 4.5 mn in the corresponding period in 2005 .",negative
189,4230,Nokia is requesting that the companies stop making and selling the mobile phones and pay monetary damages and costs .,neutral
190,4157,"On Wednesday he announced that the government would propose granting a licence for two reactors , one to be built by Fennovoima , and the other by TVO .",positive
191,1017,"Net interest income totaled EUR 15.9 mn , compared to EUR 15.6 mn a year earlier .",positive
192,1076,"Metsaliitto , however , narrowed its net loss for the second quarter of 2007 to 5.0 mln euro $ 6.9 mln from 61 mln euro $ 83.7 mln a year ago .",positive
193,1571,Latvenergo has ordered a significant expansion to the Tekla Xpower network information system .,positive
194,2393,The reductions will be concluded by autumn 2010 .,neutral
195,3990,The Oulu plant employs approximately 120 people .,neutral
196,1125,"Antti Orkola , president of Kemira GrowHow 's Industrial Solutions unit , told Thomson Financial News the company has put off opening the mine as prices of phosphate have been ` quite depressed for a long time ' . '",negative
197,3738,"Earnings per share EPS are seen at EUR 0.56 , up from EUR 0.38 .",positive
198,505,"When cruising , the revs fall as less engine output is required .",neutral
199,1298,15 November 2010 - Finnish energy company Fortum Oyj HEL : FUM1V said today it and partners started negotiations to establish a new operating model for energy supply in the Turku region of western Finland .,neutral
200,698,"The developers of that project predict that once it is completed in April 2009 , Skanssi will attract some 4.5 million visitors annually .",positive
201,3080,"Liquid handling products include electronic and mechanical pipettes , disposable tips as well as pipette maintenance and calibration services for research institutions , healthcare and industrial laboratories .",neutral
202,3617,"Net sales for the financial year 2006 are expected to amount to about EUR20m and the operating result EBIT is expected to be a loss , as announced before .",negative
203,2141,27 January 2011 - Finnish IT solutions provider Affecto Oyj ( HEL : AFE1V ) said today it has won a EUR1 .2 m ( USD1 .6 m ) contract from state-owned Lithuanian Social Insurance Institution ( SODRA ) .,positive
204,3676,`` We could be there .,neutral
205,2023,"The report examines the medical equipment business structure and operations , history and products , and provides an analysis of its key medical equipment revenue lines .",neutral
206,2374,s already good position in the technical building services market in Ostrobothnia .,neutral
207,1356,Orion Pharma 's operating profit increased by 42.5 % from 2004 .,positive
208,3578,Acquisitions have been made and businesses have been well integrated .,positive
209,957,"However , the production is almost entirely very labor intensive and based on small investments only .",neutral
210,1204,"`` This vessel order will help Aspo secure the long-term competitiveness of its fleet , both in terms of technology and pricing .",positive
211,3973,"Equipment will be manufactured in Vaahto 's workshop in Hollola , Finland and is scheduled for shipments during the first quarter of 2009 .",neutral
212,1687,"In 2008 , Kemira recorded revenue of approximately EUR 2.8 billion and had a staff of 9,400 .",neutral
213,1663,The full-function PC weighs 1.25 kilograms and measures slightly more than two centimeters thin .,neutral
214,806,The firm builds components for mobile phones and other communications products .,neutral
215,2195,The terms and conditions of Stock Option Scheme 2004 are available on the Group 's website .,neutral
216,573,"Fiskars , a 360-year-old global business best known for its orange-handled scissors , expects to derive synergies of EUR5 million a year by consolidating certain parts of the housewares division where the two compete .",positive
217,2102,"In the fourth quarter of 2008 , net sales increased by 2 % to EUR 1,050.7 mn from EUR 1,027.0 mn in the fourth quarter of 2007 .",positive
218,1722,"The platform is based built on Intel s second-generation MID platform , called Moorestown .",neutral
219,453,"Also the city 's insurance company , If P & C Insurance , has said it will not pay compensation .",negative
220,2716,The energy sector accounted for approximately 33 % and the steel industry for about 57 % of the transportation volume .,neutral
221,1837,The Bank is also examining the benefits of transferring the Swedish business to operate as a branch office so that the operations would be governed by Finland 's laws .,neutral
222,2508,"Wayne Greensmith , Fiskars Brands UK senior brand manager , said : `` We have launched this as we want to give something back to the community .",neutral
223,737,The company said it estimates to make a slight profit thanks to cost-cutting measures .,positive
224,193,"Salcomp 's charger manufacturing plant in India is located in the Nokia Telecom Park in the state of Tamil Nadu , in the eastern part of India .",neutral
225,1815,"Sampo Housing Loan Bank , a unit of Finland 's Sampo Bank , has priced its EUR1bn ( USD1 .3 bn ) bond at 99.889 % , Reuters reported .",neutral
226,4319,"SSH Communications Security Corporation is headquartered in Helsinki , Finland .",neutral
227,625,"As part of the reorganisation , Pohjola Insurance 's 250 field staff for private customers will join the payroll of local cooperative banks from the beginning of October 2008 .",neutral
228,1343,"The transaction covers a building lot of 46,763 sq m and factory buildings of 19,631 sq m. Since the autumn of 2007 , when Scanfil discontinued its production operations in Oulu , the facilities have been partly leased to other parties .",neutral
229,410,"In January-September 2007 , the group 's net sales from continuing operations rose to EUR 213.1 mn from EUR 172.6 mn in the corresponding period in 2006 .",positive
230,3310,Sanoma Magazines Finland 's net sales grew to EUR 140.1 mn from EUR 131.8 mn .,positive
231,3779,The long-term contract is global .,positive
232,4272,"The corresponding increase in the share capital , EUR422 ,754 , has been entered in the Trade Register today .",neutral
233,4061,The products have a low salt and fat content .,neutral
234,566,"Finnish investment group Panostaja Oyj said its net profit went up to 8.6 mln euro $ 11.4 mln in fiscal 2005-06 , ended October 31 , 2006 , from 2.8 mln euro $ 3.7 mln in the same period of fiscal 2004-05 .",positive
235,3168,"In Finland , the corresponding service is Alma Media 's Etuovi.com , Finland 's most popular and best known nationwide online service for home and property sales .",neutral
236,402,"The OMX Nordic 40 ( OMXN40 ) index , comprising the 40 most traded Nordic stocks on the Nasdaq OMX exchange , closed up 1.29 % at 1,084.47 points on Friday .",positive
237,81,An appeal concerning the project has been lodged at the Czech Ministry of the Environment .,neutral
238,2541,"Finnish telecoms software developer Tecnomen Oyj said on December 5 , 2006 it won a $ 3.3 mln ( 2.5 mln euro ) order to supply an expansion of the charging and messaging systems for the mobile and fixed networks of Brasil Telecom .",positive
239,4192,"Under the plan , which CSES worked out together with Public Policy Management Institute ( PPMI ) and other partners , buildings with a total area of 10,000 square meters should be built on the territory in the first phase .",neutral
240,513,"- The Group 's sales during the period were EUR 37.5 million ( EUR 48.2 million , 1-9/2008 ) and result before taxes was a loss of EUR -3.5 ( +1.2 ) million .",negative
241,3555,"The Board established a Remuneration Committee with following members : - Sari Baldauf Chairman - Tapio Hintikka - Heikki Westerlund In addition , the Board decided to appoint a Nomination Committee at a later stage .",neutral
242,2747,Total value of the contract is about EUR 10mn .,neutral
243,4040,"Due to Pirkka beer , Olvi 's brewery in Iisalmi is moving to 7-day , 24-hour work shifts .",neutral
244,2376,The new factory working model and reorganisations would decrease Nokian Tyres ' costs in the factory by EUR 30 million ( USD 38.7 m ) .,positive
245,681,The company also said that its board of directors has proposed a profit distribution of EUR0 .92 per share .,neutral
246,3558,Olvi has posted a strong set of figures for the first six months of this year .,positive
247,3896,"Outokumpu of Finland , stainless steel manufacturer , plans to enter into a supply agreement with the Indian Railways .",positive
248,4261,`` Ruukki is now included on DJSI World for the second year running and the European DJSI STOXX for the third year running .,neutral
249,3061,"The company 's board of directors will propose a dividend of EUR 0.95 per share for 2008 at the annual general meeting , scheduled to be held on March 23 , 2009 .",neutral
250,3098,"ADP News - Nov 13 , 2008 - Finnish printed circuit board PCB maker Aspocomp Group Oyj OMX : ACG1V said today that its net loss narrowed to EUR 2 million USD 2.5 m in the first nine months of 2008 from EUR 57",positive
251,3707,"The company 's order book stood at 1.5 bln euro $ 2.2 bln on September 30 , 2007 , up by 24.2 pct on the year , with international orders amounting to 365 mln euro $ 534.3 mln .",positive
252,598,City CU Welcomes DART Members DALLAS-City CU welcomes the members of DART FCU as they merge with City CU .,neutral
253,3709,"`` The change will optimize the operational efficiencies of our growing business , '' said Julia Prohaska , director of marketing communications for Fiskars .",positive
254,3494,"ALEXANDRIA , Va. , Oct. 3 -- Markka A. Oksanen and Harald Kaaja , both of Helsinki , Finland , Juha Salokannel of Kangasala , Finland , and Arto Palin of Viiala , Finland , have developed a system for providing communications security .",neutral
255,4183,Operating profit fell to EUR 23.26 mn from EUR 32.86 mn .,negative
256,4086,The total investment in 2006 and 2007 is expected to amount to about EUR75m .,neutral
257,3898,TELECOMWORLDWIRE-7 April 2006-TJ Group Plc sells stake in Morning Digital Design Oy Finnish IT company TJ Group Plc said on Friday 7 April that it had signed an agreement on selling its shares of Morning Digital Design Oy to Edita Oyj .,neutral
258,2421,Aspo serves demanding business-to-business customers .,neutral
259,496,"The fish content of the nuggets is 85 % , and the fish comes from Canada and Finland .",neutral
260,2634,"`` Subscribers can browse free numbers with their handset , and select the numbers , packages and services they prefer when activating the phone .",neutral
261,2594,"In food trade , sales amounted to EUR320 .1 m , a decline of 1.1 % .",negative
262,4127,The solvency capital ratio of both companies was 2.7 times the solvency limit .,neutral
263,1530,"( ADP News ) - Feb 9 , 2009 - Finnish computer services company Proha Oyj ( HEL : ART1V ) said today its net loss narrowed to EUR 113,000 ( USD 146,000 ) for 2008 from EUR 1.2 million for 2007 .",positive
264,1401,"A total of 750,330 new Citycon shares with a nominal value of EUR 1.35 per share were subscribed in December exercising the A-B-C options based on the company 's stock option plan 1999 .",neutral
265,2919,Self-service and automation are in a bigger role now and Fujitsu 's global resources will be exploited effectively .,positive
266,59,The goal is significant expansion in Finland and in the northern Baltic region .,neutral
267,2017,Ahlstrom 's share is quoted on the NASDAQ OMX Helsinki .,neutral
268,3407,"The first phase of the logistics complex envisages the completion of some 70,000 sq m of logistics premises and the gatehouse building in November 2008 .",neutral
269,1494,"The Group 's consolidated net sales for 2009 totaled 1.5 billion euros and it employs approximately 10,000 persons .",neutral
270,4303,"Only the driver was left in the car with the suspect , who was kidnapped and forced at gunpoint to drive to Durham .",negative
271,3103,"Aldata Solution Oyj Bertrand Sciard President and CEO Further information : Aldata Solution Oyj , Bertrand Sciard , President and CEO , tel. +33 1 46 48 28 00 Aldata 100 % Retail-Wholesale At Aldata 100 % of our business is dedicated to retail and wholesale business improvement .",neutral
272,1403,"Operating loss was EUR 179mn , compared to a loss of EUR 188mn in the second quarter of 2009 .",positive
273,2628,Sony Ericsson and Nokia dominated the list of best-selling handsets with five models each .,positive
274,3121,"In a recent interview with the Financial Times ( FT ) , Sampo 's board chairman Bjorn Wahlroos said If P&C was certainly for sale and the price had been set at SEK 85 billion , confirming earlier statements .",neutral
275,2231,The Group 's order portfolio decreased from EUR 42.9 mn in 9-2007 to EUR 33.3 mn in 2-2008 .,negative
276,3922,Lieksaare Oy has earlier been regarded under the control of Saarelainen Oy and the individual shareholders under the shareholder agreement .,neutral
277,3902,"The connectivity unit has more than 100 e-invoice customers , and the number of annual transactions stands at nearly one million .",neutral
278,3145,"The chain posted sales of 298 million euros for full 2005 , a rise of 19.5 percent , year-on-year .",positive
279,1935,The company is studying the feasibility of focusing most of its processed meat production in the Vantaa facilities and the processing of fresh meat in the Forssa facilities .,neutral
280,521,"Jun. 25 , 2008 ( Boy Genius Report delivered by Newstex ) -- The Nokia ( NYSE : NOK ) N78 , huh ?",neutral
281,320,"The total service concept also includes technology services , with which Raute supports its customers throughout the entire life cycle of their investments .",neutral
282,3248,"Having a China based operation will not only enable us to fully leverage our resources and expertise in wireless solutions , but also strengthen our capability to offer industry-leading products for our customers in China . ''",positive
283,1331,"According to CEO Hannu Syrj+Ã±nen , a new common name and visual identity is required as the group has grown and internationalised .",neutral
284,3175,Operating profit in the fourth quarter fell to EUR33m from EUR39m a year earlier .,negative
285,4250,For the new shares subscribed with stock options all shareholder rights commence from the date on which they are entered into the Trade Register .,neutral
286,2078,The Notice in its entirety with other proposals from the Nomination Committee and the Board will be published at least four weeks before 28 April on the company 's website and in Post - och Inrikes Tidningar and Dagens Industri .,neutral
287,4097,Componenta increased its stake in Turkish steel company Doktas Dokumculuk Ticaret ve Sanayi A.S. to 92.6 pct stake in March 2007 .,positive
288,2694,The expanded plant is scheduled to be operational by the middle of October 2009 .,neutral
289,3654,GSK announced in November 2008 that it would close its operations in Dartford .,negative
290,2057,"The new company will likely hold an IPO on the NYSE or another international stock exchange , according to Altimo which manages the Alfa Group 's telecommunications assets and TeliaSonera 's agreement , which has been published on the website of the U.S. Securities and Exchange Commission .",neutral
291,3935,"Boomeranger Boats Oy specialises in boat building and designs , manufactures and sells customised Rigid Inflatable Boats RIB primarily for the Baltic Sea market .",neutral
292,557,"Suominen Corporation estimates that the cost-cutting program that started in autumn 2005 , higher sales prices , and expected growth in volume of Wet Wipes , will make the company 's operations more profitable .",positive
293,1986,"The companies will divest to UPM Fray Bentos pulp mill and Forestal Oriental , a company specialising in eucalyptus cultivation .",neutral
294,1077,Espoon kaupunki awarded contracts for personal care products .,positive
295,1306,"Maximum amount of terminations in Finland is 40 employees , the company added .",neutral
296,976,Pretax loss totaled EUR 117mn compared to a loss of EUR 65mn in the corresponding period .,negative
297,2037,"By the end of 2006 , the number of joint branch offices will total 170 .",neutral
298,3987,Finnish silicon wafer technology company Okmetic Oyj OMX Helsinki : OKM1V said on Wednesday 17 September that it will invest EUR6m in its sensor wafer business during 2009 .,neutral
299,2013,TELECOMWORLDWIRE-7 April 2006-TJ Group Plc sells stake in Morning Digital Design Oy Finnish IT company TJ Group Plc said on Friday 7 April that it had signed an agreement on selling its shares of Morning Digital Design Oy to Edita Oyj .,positive
300,3361,"In volume , the focus is already outside Finland , as 60 % of the group 's products are made in Poland and the Baltic countries .",neutral
301,984,As a result some 20 persons will no longer be needed .,negative
302,3777,Raisio 's malting capacity was in full use in 2008 .,positive
303,1202,"The Company operates through four principal divisions : Consumer Packaging ; Office Papers ; Speciality Papers , as well as Market Pulp and Energy .",neutral
304,4223,Operating profit in the fourth quarter went down to EUR3m from EUR4 .2 m for the corresponding period of 2009 as it included costs of growth projects .,negative
305,800,"However , the brokers ' ratings on the stock differ .",neutral
306,2977,"The original name Componenta +Ã m+Ãl , as a subsidiary of the Finnish Componenta Group , has been changed to +Ã m+Ãl Components and the company has seen a 63 % growth in Q1 2010 , in comparison to Q1 2009 .",positive
307,3997,Aspocomp has repaid its interest bearing liability to Standard Chartered Bank and will use the rest of the consideration to partially repay its interest bearing liabilities in Finland and to improve its liquidity .,positive
308,1435,"`` The summer collection 2008 will be joyfully fresh like a vitamin injection , '' said H&M 's head of design Margareta van den Bosch .",neutral
309,724,"By cutting the number of plants , the group will trim fixed costs .",positive
310,4209,"Most of the growth in beer consumption took place in the Far East , Latin America and Africa .",neutral
311,718,Business boomed after Ostrom helped plant a small story about Rapala lures in a Life magazine issue that featured Marilyn Monroe on the cover .,positive
312,1749,Pharmaceuticals - Netherlands This brand-new market analysis gives a clear overview of the actual situation and future outlook of the pharmaceutical market in Netherlands .,neutral
313,1052,An earn-out payment of up to 4.0 mln euro ( $ 5.3 mln ) can also be paid depending on Intellibis financial performance in 2007 .,neutral
314,1583,"Finnish Exel Composites , a technology company that designs , manufactures , and markets composite profiles and tubes for various industrial applications , reports its net sales decreased by 0.6 % in the second quarter of 2010 to EUR 19.2 mn from EUR 19.3 mn in the corresponding period in 2009 .",negative
315,3155,The contracts have been signed to acquire uranium produced at the Sotkamo nickel-zinc mine in eastern Finland owned by Talvivaara .,positive
316,2842,We are now taking Marimekko there on a distinctly more significant scale .,neutral
317,1196,"- So , the sales growth of cars considerably influence on the tires market '' .",neutral
318,1201,Results are expected late in 2006 .,neutral
319,903,The product 's front-edge folding maximizes weather resilience and enables a seamless roof finish .,neutral
320,3960,The acquisition of Boomeranger Boats Oy is in line with the Done Solutions strategy of developing its business through company acquisitions .,positive
321,3075,Also Chile is an important market area for forest machine companies .,neutral
322,1399,"In 2006 the company 's net sales amounted to approximately EUR259m and it has some 8,000 employees .",neutral
323,120,"Result before taxes decreased to nearly EUR 14.5 mn , compared to nearly EUR 20mn in the previous accounting period .",negative
324,4265,"During the strike , Finnair estimates to incur a net loss of between EUR2m and EUR2 .5 m per day .",negative
325,474,Operating profit rose to EUR 13.5 mn from EUR 9.7 mn in the corresponding period in 2006 .,positive
326,2636,"( Filippova ) A trilateral agreement on investment in the construction of a technology park in St Petersburg was to have been signed in the course of the forum , Days of the Russian Economy , that opened in Helsinki today .",positive
327,390,"Therefore , Phase III of the research will not be conducted by Abbott .",neutral
328,1863,The stock rose for a third day on Tuesday bringing its three-day rise to GBX10 .50 or 1.8 % .,positive
329,912,"The opportunity will be available only for few employees , however .",neutral
330,1786,"Insurer Axa ( PAR : CS ) slid by 5.35 % to EUR 14.15 , after Citigroup and ING slashed their targets on the stock .",negative
331,527,6 October 2010 - Finnish paints and coatings company Tikkurila Oyj HEL : TIK1V announced today the launch of Tikkurila ProHouse method for protection of wooden surfaces via treatment with Ultra Pro waterborne products .,neutral
332,1478,"Revenue in July to September grew 14 percent to ( EURO ) 467 million from a year earlier , the company said Thursday .",positive
333,3571,"Finnish shipping company Finnlines ' pretax loss totalled EUR 6.5 mn in the third quarter of 2009 , compared to a profit of EUR 0.3 mn in the third quarter of 2008 .",negative
334,3429,Operating result including non-recurring items rose to EUR 146mn from a loss of EUR 267mn in 2009 .,positive
335,3690,"Upgrades include a five megapixel camera , voice control , and what looks to be an optical mouse instead a D-pad -- an upgrade click-happy S60 has needed forever .",positive
336,34,A memorandum of understanding on cooperation between the Finnish Global Chemical Company KEMIRA and Vietnam National Chemicals Group ( Vinachem ) was signed on this occasion .,positive
337,944,"Remote Phone Management demonstrates SysOpen Digia 's unique end-to-end offering for operators , handset manufacturers and enterprise customers .",neutral
338,2127,"`` This is super nasty , '' said Eric Schultze , chief technology officer at Shavlik Technologies LLC , a St. Paul , Minn.-based maker of patch management tools .",negative
339,735,SysOpen Digia had signed an agreement with the main shareholders of Sentera holding in total 77.39 % of the share capital and votes of Sentera .,positive
340,3999,Earnings per share EPS in the first quarter amounted to a loss of EUR0 .20 .,neutral
341,3574,Solidium now holds 5.0 per cent of the shares Solidium Oy has acquired 5.0 per cent of the shares in Tieto Corporation for approximately EUR 58 million .,neutral
342,1495,"We warmly welcome him to Satama '' , states Jussi Lansio , chairman of the Board .",positive
343,3438,"Kemira 's R&D organization comprises approximately 750 people , the company said .",neutral
344,831,"Last year the company raised its turnover to approximately 7 million litas EUR 2 mln , from 6.1 million litas in 2004 .",positive
345,4100,"s business sectors are building construction , infrastructure construction and technical building services .",neutral
346,1089,"The Inventors are Ridge Justin , Bao Yiliang and Karczewicz Marta .",neutral
347,4164,"Also in Latvia , we act as a partner for bakery customers in both production and product development .",neutral
348,25,The parties have therefore agreed to leave Avena out of the deal .,neutral
349,1400,The sellers were EOSS Innovationsmanagement and a group of private individuals .,neutral
350,612,Orders received grew by 55 % year-on-year to EUR732m .,positive
351,1528,"The contractor of the shopping center , China State Construction Engineering Corporation , has previously built e.g. airports , hotels and factories for large international customers in different parts of the world .",neutral
352,1737,`` The CHF is a great product .,positive
353,4019,`` Consumers have very well received our packed fresh meat .,positive
354,3360,"New Chairman of the Board of Directors , Mr Chaim Katzman , will give a presentation and answer questions .",neutral
355,965,Profit for the period increased from EUR 2.9 mn to EUR 10.5 mn .,positive
356,2270,"Aho is proud of the company 's new product , Lordi-Cola .",neutral
357,951,"The Finnish food concern Atria is about to acquire two Estonian meat processing companies , Woro Kommerts and Vastse-Kuuste Lihatoostus , reported the Official website www.investinestonia.com .",neutral
358,1339,"S Group 's loyal customer magazine Yhteishyv+Ã± came second with 1,629,000 readers and Sanoma Corporation 's daily newspaper Helsingin Sanomat was third with 1,097,000 readers .",neutral
359,305,Okmetic has used the furnaces for the contract manufacturing of solar crystals .,neutral
360,761,The company 's board of directors would propose a dividend of EUR1 .00 per share for 2005 .,neutral
361,1513,"According to CEO Matti Perkonoja of the parent company HKScan , the company 's performance in the first quarter of 2010 has remained clearly below the level of the corresponding period in 2009 .",negative
362,1893,Poyry is recognized as one of the world 's leading advisors to the global forestry industry .,positive
363,597,Hobby Hall 's sales decrease 26 pct due to implementing a new information system that involved changing in the principal of posting sales .,negative
364,2081,`` I see my new post as an inspiring challenge .,neutral
365,616,The passenger tunnel is expected to be put into operation in 2009 .,neutral
366,3937,"`` We have become convinced that we can do that very quickly , '' he told Finnish business reporters .",neutral
367,3084,It has sold one half of its business operations and will enter the Helsinki Stock Exchange via the back door through an innovative buyout arrangement with Kasola .,neutral
368,3213,"BAVARIA Industriekapital AG 's 2006 revenues were EUR 333 million , with an EBITDA of EUR 51 million .",neutral
369,4225,"Linde acts responsibly towards its shareholders , business partners , employees , society and the environment - in every one of its business areas , regions and locations across the globe .",neutral
370,1294,"The final price will be specified by 14 May 2010 , the acquiring company said .",neutral
371,1812,The company 's previous estimate was for a lower revenue than the year-ago EUR 93.9 million .,negative
372,1923,"The company 's operating income ( EBIT ) totalled EUR 0.0 mn , up from EUR -0.3 mn year-on-year .",positive
373,2075,"In 2010 , Sanoma Magazines expects net sales to be at the 2009 level .",neutral
374,2853,Affecto has helped SKAT to set up the platform and has previously delivered several Business Intelligence projects for SKAT .,neutral
375,3840,"The Bank of +Ã land acquired the private banking business , asset management , and share brokerage business of Kaupthing Sweden in early 2009 .",neutral
376,2980,Glaston also has efficiency measures in all other units .,neutral
377,128,Kershaw takes up the position with immediate effect from her previous role as marketing manager of Sankey Home & Garden Products .,neutral
378,1653,"mn , and pretax profit to EUR 46.4 mn from EUR 35.8 mn in the third quarter of 2006 .",positive
379,2260,"cents The profile contains business operations , the company history , major products and services , prospects , key competitors , structure and key employees , locations and subsidiaries .",neutral
380,2515,"Ruukki Romania , the local arm of Finnish metal producer Ruukki , increased its capital by 900,000 euro ( $ 1.14 mln ) through cash contribution , it was reported on September 19 , 2006 .",positive
381,1000,The revenues of the business reached NOK 12 million for 2008 .,neutral
382,4151,Altimo and TeliaSonera said yesterday that Usmanov would be welcome to join the new company .,positive
383,2631,"As a domestic business , Best-In is already close to Finnish dog owners .",positive
384,161,"After buying Eukor Car Carriers 50 percent stake , Grimaldi Group is now the sole owner of the Swedish roll-on , roll-off port of Wallhamn .",neutral
385,4198,10 February 2011 - Finnish media company Sanoma Oyj HEL : SAA1V said yesterday its 2010 net profit almost tripled to EUR297 .3 m from EUR107 .1 m for 2009 and announced a proposal for a raised payout .,positive
386,624,"ADP News - May 29 , 2009 - Bank of America BofA downgraded today its ratings on Swedish-Finnish paper maker Stora Enso Oyj HEL : STERV and on Finnish sector player UPM-Kymmene Oyj HEL : UPM1V to `` underperf",negative
387,736,"The acquisition does not have to be from the frozen foods or fish sector , as long as it has synergies with L+Ã±nnen Tehtaat 's other businesses .",neutral
388,3143,Operating profit improved by 16.7 % to EUR 7.7 mn .,positive
389,786,"Our customers include companies in the energy and process industry sectors , in particular .",neutral
390,850,"Operating profit for the 12-month period decreased from EUR157 .5 m , while net sales increased from EUR634 .3 m , as compared to 2007 .",negative
391,495,Neither of the companies use genetically engineered soy at the moment .,neutral
392,4175,Honkarakenne Oyj - a world-leading manufacturer of genuine wooden homes - will be sponsoring Finnish crosscountry skier Virpi Kuitunen for the next three years .,neutral
393,1992,"ALEXANDRIA , Va. , July 11 -- Hannu Kahonen of Juuka , Finland , has developed an ornamental design for a handle for fire pit door , the U.S. Patent & Trademark Office announced .",neutral
394,3231,Satama and Trainers ' House will remain as names and independent brands of the business areas .,neutral
395,3358,Yvonne Jones is owner of Chameleon Interiors .,neutral
396,2861,"Vehvilainen , who is currently the chief operating officer at Nokia Siemens Networks , will join Finnair on 5 January 2010 and take over as CEO effective 1 February 2010 .",neutral
397,2077,The resignation will be in effect immediately .,neutral
398,1536,Net sales in 2006 totaled EUR 302 million and the operating margin was 16 % .,neutral
399,1968,L&T has also made a commitment to redeem the remaining shares by the end of 2011 .,neutral
400,2843,"We are honored to be recognized by Gartner as a specialist in Business Process Modeling and Analysis , in the company of many of the largest software vendors in the world .",positive
401,1741,"The Russian government will contribute 20 % of the necessary funds , he said .",neutral
402,2389,"Aspocomp said it will spin off its Chinese and Indian units , and some equipment from its Salo plant in Finland , into a newly-formed unit , most of which it will then sell on to Hong Kong-listed Meadville .",neutral
403,3871,"With the measures , Suominen Corporation aims to ensure the competitiveness of the Flexible Packaging business in the long term .",positive
404,1674,As a result of the negotiations the employment of 130 blue - and white-collar employees at the Oulu plant would be terminated .,negative
405,2635,`` Our Vaalipalvelu-service was especially developed for use by communities and organizations .,neutral
406,2563,"Swiss bank Credit Suisse International will act as an investor in the locomotive manufacturing plant , the Astana administration said .",neutral
407,413,The value of the deal is estimated at between SEK25m and SEK50m .,neutral
408,2705,- Operating profit rose by 26.9 % to EUR 105.8 ( 83.4 ) million .,positive
409,2009,We hope to increase traffic volumes with the opening of Freight One Scandinavia . '',positive
410,2335,Under this agreement Biohit becomes a focus supplier of pipettors and disposable pipettor tips to VWR customers throughout Europe .,positive
411,1489,"The business goals for 2009 will realize with the temporary lay-offs carried out in the summer of 2009 , and with other savings measures .",neutral
412,2681,"Department store sales improved by 14 % to EUR 1,070.6 mn .",positive
413,1511,"Finnish drug distributor and wholesaler Oriola-KD Oyj said on October 11 , 2006 it named Anne Kariniemi vice president of its Logistics and Sourcing department as of January 15 , 2007 .",neutral
414,3151,The share subscription period for C options will commence on 1 September 2008 and expire on 31 March 2011 .,neutral
415,408,"Salo , Finland , 29 August 2006 - Benefon has today announced its plans to further strengthen its in-house technology platform , by licensing the complete mobile software platform , Opna , from its long-standing technology partner , Pollex .",positive
416,2083,"The total headcount reduction will be 50 persons , the company said .",negative
417,1110,"Trading code : ELI1V Number of shares : 99,483 Price-share : Gratuitous After the transfer , Elisa holds a total of 10,435,023 own shares .",neutral
418,1095,"HELSINKI AFX - KCI Konecranes said it has raised its stake in MMH Holdings Inc , the owner of US-based Morris Materials Handling , to 90.9 pct from 74.5 pct .",positive
419,2584,Operating profit rose to EUR 9.2 mn from EUR 6.8 mn in the corresponding period in 2007 .,positive
420,890,"In 2009 , KONE had annual net sales of EUR 4.7 billion and approximately 34,000 employees .",neutral
421,2487,"Like all other mechanical pipettors from Biohit , also Proline Plus is CE-IVD marked and comes with a 3-year warranty .",neutral
422,343,"The major breweries increased their domestic beer sales by 4.5 per cent last year , to 256.88 million litres from 245.92 million litres in 2004 .",positive
423,830,"Tiimari 's registered share capital is 16,474,755 shares as per today .",neutral
424,2003,It appears from statistics of the Technical Surveillance Authority that customers who switch service providers mostly transfer their numbers to Elisa 's network .,neutral
425,2576,"`` There 's the issue of thieves stealing them from building sites , '' said Mr Smith .",negative
426,654,"Currently , the company foresees its pre-tax profit to remain below the 2009 level when it reached EUR 700,000 USD 934,000 , compared with previous projections of a slightly better pre-tax profit .",negative
427,2007,"OUTOTEC OYJ PRESS RELEASE , FEBRUARY 19 , 2008 AT 11.00 AM Outotec has won two large minerals processing technology orders from Mirabela Mineracao do Brasil Ltda , Brazil and from Cumerio Med JSCo , Bulgaria .",positive
428,1701,"Utah 's capital wanted to be the next U.S. headquarters of Amer Sports Corp. , a ski-equipment company .",neutral
429,1747,"As a result , it has started negotiations with the banks on provisional amendments concerning the covenants and other credit terms .",neutral
430,3586,Talvivaara Mining Company Plc Talvivaara Mining Company is an internationally significant base metals producer with its primary focus on nickel and zinc using a technology known as bioheapleaching to extract metals out of ore .,neutral
431,1944,"Among other industrial stocks , Metso added 0.53 pct to 40.04 eur , Wartsila B was down 0.77 pct at 47.87 eur and Rautaruukki K was 1.08 pct lower at 37.56 eur .",neutral
432,2116,"Profitability ( EBIT % ) was 13.9 % , compared to 13.1 % in the previous-year period .",positive
433,3905,The impact of this acquisition to Teleste 's net sales for 2010 is estimated to be approximately EUR 2 million .,neutral
434,2543,The expansion includes the doubling of the floor space and the addition of more lifting capacity and production equipment .,positive
435,130,"Mr. Jorma Valkama , Managing Director of Suomen Paikallissanomat Oy , states that Rannikkoseutu complements in an outstanding way the current product range of the company .",neutral
436,643,"Initially , the company said a maximum of 15 people would be made redundant in the parent company and about 15 in its subsidiaries .",negative
437,2630,"We succeeded in increasing our market share of sold apartment '' , comments Mr Kari Kauniskangas , Head of YIT International Construction Services .",positive
438,4036,"Conference Call To participate via a conference call , please dial in 5-10 minutes before the beginning of the event : +44 0 20 7162 0025 Europe or +1 334-Ã¡323-Ã¡6201 USA .",neutral
439,366,"Currently the Terminator lures are produced in a subcontract facility in Mexico but the manufacturing will be transferred to Rapala 's factory in Shenzhen , China .",neutral
440,3869,The reductions will be implemented mainly in the course of the first half of 2009 .,neutral
441,4335,"Most of the raw materials come from Europe and the US and are paid in euros or US dollars , while sales take place in rubles .",neutral
442,2036,"The ten year rent contract with the right of prolongation on the existing terms , was signed between Stockmann and the owner of the shopping center in 1998 .",neutral
443,2209,"The subject of the project is provide to the company like : Software programming and consultancy services , Computer-related services , Data services , Computer support and consultancy services , Internet services etc. .",neutral
444,1390,Pentik+Ã±inen emphasises that the most of the internet contents media houses provide can not be free forever .,neutral
445,2535,"Profit for the period totalled EUR 1.1 mn , down from EUR 1.6 mn in the third quarter of 2008 .",negative
446,3324,"Stora Enso R shares rose 1.20 pct to 11.84 eur , UPM-Kymmene was also dragged higher , rising 1.68 pct to 17.56 eur and M-Real B added 2.38 pct to 4.30 eur .",positive
447,2717,`` It wo n't happen overnight .,neutral
448,3350,"The Filter Tips cover the volume range from 0.1-1200 -Ãl including new sizes for 10 , 20 , 100-120 , 200 , 300 , 1000 and 1200 -Ãl volume capacities .",neutral
449,3786,"Sullivan said some of the boards `` really involve a lot of work , and people should get paid for their time . ''",neutral
450,2912,"The subdivision made sales revenues last year of EUR 480.7 million EUR 414.9 million in 2008 , and operating profits of EUR 44.5 million EUR 7.4 million .",positive
451,2559,"2009 3 February 2010 - Finland-based steel maker Rautaruukki Oyj ( HEL : RTRKS ) , or Ruukki , said today it slipped to a larger-than-expected pretax loss of EUR46m in the fourth quarter of 2009 from a year-earlier profit of EUR45m .",negative
452,110,The indexes include the top companies that are committed to sustainable development .,neutral
453,3766,Closing of such transaction took place today .,neutral
454,83,The company intends to raise production capacity in 2006 .,positive
455,1185,Ramirent Finland is the domestic unit of machinery rental company Ramirent Oyj HEL : RMR1V .,neutral
456,460,"During the past decade it has gradually divested noncore assets and bought several sports equipment makers , including California-based Fitness Products International and Sparks , Nevada-based ATEC , a leading maker of baseball and softball pitching machines .",positive
457,3946,Elisa will expand the use of this technology provided the pilot proves successful .,neutral
458,2024,Salonen added that data shows producers ' pulp inventories in North America are declining . ',negative
459,2815,"`` We have come out with a decision which is based on our preliminary economic , operational and environmental findings , '' Karvinen said .",neutral
460,661,"The divested company is part of TietoEnator 's business area Government , Manufacturing & Retail .",neutral
461,1654,"Back then , Tikkurila 's former owner , Finnish chemicals company Kemira Oyj HEL : KRA1V , distributed an 86 % stake to Kemira shareholders to facilitate the divestment and listing of Tikkurila .",neutral
462,2750,Finnish fibers and plastic products maker Suominen Corporation said its net loss narrowed to 1.6 mln euro $ 2.0 mln in the first nine months of 2006 from 2.16 mln euro $ 2.7 mln in the same period of 2005 .,positive
463,1550,"The Finnish company sold its UK operation - consisting of 50 staff in offices in London , Birmingham and Manchester - as part of a deal with Hampden in July 2001 for its European-wide property and casualty arm Sampo Industrial .",neutral
464,3792,"Cardona slowed her vehicle , turned around and returned to the intersection , where she called 911 .",neutral
465,1565,"The company is in charge of all natural gas storage activities in France , Great Britain , and Germany .",neutral
466,420,"Typically , the transmission power level can be decreased when the interference noise is above a predefined value .",neutral
467,801,We are now in a position to pursue novel clinical candidates going forward . '',positive
468,2616,"The Americas represents 25 % of Gemalto 's billing , and Latin America is one of the fastest growing regions for the company .",neutral
469,3870,"Finnish construction machinery and equipment rental group Cramo Oyj said on March 21 , 2007 its Swedish sector subsidiary Cramo AB will sell its Dutch subsidiary Cramo Nederland B.V. ( CNL ) to Dutch rental and scaffolding company Jaston Groep B.V. for an undisclosed sum .",neutral
470,672,Europe however remains an important and strong market for us .,neutral
471,353,"`` In Ukraine , too , we act as a partner for major bakery clients in both production and product development .",neutral
472,3980,Finnair was able to operate most of its leisure flights despite the strike .,positive
473,1947,The power generated annually by Loviisa covers about 10 % of Finland 's electricity consumption .,neutral
474,4330,"`` The implementation of these programs has had , and will have , negative impacts on 2006 and 2007 earnings , '' Mr Meiklejohn said .",negative
475,1624,In July it and Quadriga Capital sold their Lewa GmbH pump-making business to Japan 's Nikkiso Co. .,neutral
476,1072,"As a result , the number of personnel in Finland will be reduced by 158 .",neutral
477,3369,Both companies will keep their commercial independence and continue to market their traditional products individually .,neutral
478,1736,The agreement includes the entire process of managing Mercator 's supply chain in all regions where the company is currently present .,neutral
479,811,TeliaSonera TLSN said the offer is in line with its strategy to increase its ownership in core business holdings and would strengthen Eesti Telekom 's offering to its customers .,positive
480,1108,Total two offers were received by Contracting Authority for participating in this contract ; however the contract was allotted to Affecto Finland Oy .,neutral
481,4024,"LCS 's services cover the whole life cycle of software and information systems , from process modelling and tailored software development , to hosting services , solution management , maintenance and support .",neutral
482,2671,AffectoGenimap builds highly customised IT solutions for its customers in Finland and the Baltic countries .,neutral
483,3800,"Finnish silicon wafer technology company Okmetic Oyj OMX Helsinki : OKM1V reported on Thursday 30 October an operating profit of EUR7 .4 m for January-September 2008 , up from EUR6 .1 m in the corresponding period in 2007 .",positive
484,60,"Kesko offers Hilton to open a hotel on Kalinisky prospect in a 18,000-square metres building because of these difficulties .",neutral
485,2943,"The company 's objective is to offer the best people flow experience by developing and delivering solutions that enable people to move smoothly , safely , comfortably and without waiting in buildings in an increasingly urbanizing environment .",neutral
486,1652,"( ADP News ) - Feb 4 , 2009 - Finnish broadband data communication systems and solutions company Teleste Oyj ( HEL : TLT1V ) said today its net profit decreased to EUR 5.5 million ( USD 7.2 m ) for 2008 from EUR 9.4 million for 200",negative
487,4073,"INTERNET BUSINESS NEWS - -Â® 1995-2006 M2 COMMUNICATIONS LTD As part of a drive to protect users of its Internet banking service , Barclays Bank has announced that it is to recommend F-Secure Internet Security to its customers .",neutral
488,2954,"More than 14,000 customers were left powerless .",negative
489,2688,"One price category is for calls on the preferred operator 's network , and another for calls on other operators ' networks .",neutral
490,1266,"In Finland , Sampo Bank , now part of the Danske Bank group , will lay off staff from the administrative and support functions .",negative
491,4288,Donations to universities The Annual General Meeting authorized the Board of Directors to donate max .,neutral
492,3477,"Nordea Bank ( STO : NDA ) and Sampo Bank have helped Finnish real estate investment company Sponda ( HEL : SDA1V ) place a EUR100m ( USD125 .4 m ) domestic bond , the company said Friday .",positive
493,2924,"In addition to fireplace exports , demand for lining stone has exceeded the level of the earlier part of the year and will continue to be clearly brisker for the remainder of the year .",positive
494,2225,"The total investment in the company will be EUR58m , of which Wartsila 's share will be EUR29m .",neutral
495,214,"The business transfer will take effect from 1 January 2007 , and in connection with this 47 employees will transfer from Elisa to Daxtum as continuing employees .",neutral
496,1483,"Finnish software and hardware developer Elektrobit Oyj HEL : EBG1V , or EB , said today it will temporarily lay off up to 200 people for a maximum of 90 day in Finland , aiming to achieve cost savings of EUR 1.7 million USD 2m in the second half of 2010 .",negative
497,113,Three students from Universiti Sains Malaysia have won a study trip to Helsinki .,neutral
498,3927,The company expects net sales of 65 mln euro ( $ 85.1 mln ) for 2006 .,neutral
499,1045,"Nokia also noted the average selling price of handsets declined during the period , though its mobile phone profit margin rose to more than 22 percent from 13 percent in the year-ago quarter .",positive
